<data>
<items>
<noun>বিশ্ববিদ্যালয়</noun>
<noun>অগ্নিস্ফূলিঙ্গ</noun>
<noun>অঙ্গুলিনির্দেশ</noun>
<noun>অঙ্গুলীনির্দেশ</noun>
<noun>অদূরবদ্ধদৃষ্টি</noun>
<noun>অধ্যাত্মতত্ত্ব</noun>
<adj>অনুপ্রেরণাদায়ক</adj>
<noun>অন্তরীক্ষমণ্ডল</noun>
<noun>অপরিণামদর্শিতা</noun>
<noun>অবিমৃশ্যকারিতা</noun>
<adv>অব্যবহিতপূর্বে</adv>
<noun>অভ্যর্থনাসমিতি</noun>
<adv>অর্ধচন্দ্রাকার</adv>
<noun>অলঙ্কারশাস্ত্র</noun>
<noun>অ্যামপ্লিফায়ার</noun>
<adv>আত্মপ্রকাশকারী</adv>
<adv>আত্মবঙ্চনাকারী</adv>
<adv>আত্মবলিদানকারী</adv>
<adv>আত্মসমর্পণকারী</adv>
<adv>আত্মানুসন্ধায়ী</adv>
<adv>আত্মোতসর্গকারী</adv>
<adv>আদবকায়দাদুরস্ত</adv>
<noun>আধিপত্যবিস্তার</noun>
<adv>আনন্দবিধানকারী</adv>
<adv>আন্তঃপ্রাদেশিক</adv>
<noun>আবালবৃদ্ধবনিতা</noun>
<adv>আশ্রয়গ্রহণকারী</adv>
<noun>ইন্দ্রিয়নিগ্রহ</noun>
<noun>ইন্দ্রিয়বৃত্তি</noun>
<noun>ইন্দ্রিয়বৈকল্য</noun>
<noun>উচ্চাঙ্গসঙ্গীত</noun>
<noun>উচ্চারণবিভ্রাট</noun>
<adv>উত্তরমেরুস্থিত</adv>
<adv>উত্তরাধিকারিণী</adv>
<adv>উতকোচগ্রহণকারী</adv>
<noun>উদ্বন্ধন-রজ্জু</noun>
<adv>একমেবাদ্বিতীয়ম</adv>
<adv>কন্যাদায়গ্রস্ত</adv>
<noun>কর্তব্যনির্দেশ</noun>
<noun>কর্মকর্তৃবাচ্য</noun>
<adv>কাংস্যবিনন্দিত</adv>
<noun>কাঙ্গালী-বিদায়</noun>
<noun>কারেন্টএকাউন্ট</noun>
<noun>কার্যনিষ্পত্তি</noun>
<adv>কিম্ভূতকিমাকার</adv>
<verb>কুঁকড়াইতেছিলাম</verb>
<verb>কুঁকড়াইতেছিলেন</verb>
<verb>কুঁকড়াইয়াছিলাম</verb>
<verb>কুঁকড়াইয়াছিলেন</verb>
<verb>কুঁচকাইতেছিলাম</verb>
<verb>কুঁচকাইতেছিলেন</verb>
<verb>কুঁচকাইয়াছিলাম</verb>
<verb>কুঁচকাইয়াছিলেন</verb>
<adv>কুলত্যাগকারিণী</adv>
<adv>কুষ্ঠরোগবিনাশক</adv>
<verb>কোঁকড়াইতেছিলাম</verb>
<verb>কোঁকড়াইতেছিলেন</verb>
<verb>কোঁকড়াইয়াছিলাম</verb>
<verb>কোঁকড়াইয়াছিলেন</verb>
<verb>কোঁচকাইতেছিলাম</verb>
<verb>কোঁচকাইতেছিলেন</verb>
<verb>কোঁচকাইয়াছিলাম</verb>
<verb>কোঁচকাইয়াছিলেন</verb>
<adj>ক্যাঁচরক্যাঁচর</adj>
<noun>ক্ষুধানিবৃত্তি</noun>
<noun>ক্ষুন্নিবৃত্তি</noun>
<noun>ক্ষেত্রাধিকারী</noun>
<noun>খৃষ্টপূর্বাব্দ</noun>
<noun>খৃস্টপূর্বাব্দ</noun>
<verb>খেঁচকাইতেছিলাম</verb>
<verb>খেঁচকাইতেছিলেন</verb>
<verb>খেঁচকাইয়াছিলাম</verb>
<verb>খেঁচকাইয়াছিলেন</verb>
<adv>গঙ্গাসম্বন্ধীয়</adv>
<adv>গজেন্দ্রগামিনী</adv>
<noun>গড্ডলিকাপ্রবাহ</noun>
<noun>গভর্নর-জেনারেল</noun>
<noun>গান্ধর্ববিদ্যা</noun>
<adv>গান্ধারদেশবাসী</adv>
<adv>গ্রামসম্বন্ধীয়</adv>
<noun>গ্রীষ্মাতিশয্য</noun>
<adv>ঘর্মাক্তকলেবরে</adv>
<adv>ঘ্রাণগ্রহণকারী</adv>
<adv>চক্রবৃদ্ধিহারে</adv>
<adv>চতুঃপঙ্চাশত্তম</adv>
<adv>চতুর্বিংশতিতমী</adv>
<adv>চত্বারিংশত্তমী</adv>
<noun>চান্দ্রায়ণব্রত</noun>
<noun>চিকিতসাশাস্ত্র</noun>
<adv>চিত্রাঙ্কনকারী</adv>
<noun>চৈতন্যচরিতামৃত</noun>
<adj>চ্যাটাংচ্যাটাং</adj>
<noun>ছিদ্রানুসন্ধান</noun>
<adv>ছিন্নবিচ্ছিন্ন</adv>
<noun>জগন্নাথক্ষেত্র</noun>
<adv>জটাজূটবিলম্বিত</adv>
<noun>জলনিগমব্যবস্থা</noun>
<noun>জ্ঞাতিকুলধ্বংস</noun>
<verb>জ্বালাইতেছিলাম</verb>
<verb>জ্বালাইতেছিলেন</verb>
<verb>জ্বালাইয়াছিলাম</verb>
<verb>জ্বালাইয়াছিলেন</verb>
<noun>জ্যোতিঃশাস্ত্র</noun>
<noun>জ্যোতির্বিদ্যা</noun>
<adv>জ্যোতির্বেত্তা</adv>
<noun>জ্যোতিষশাস্ত্র</noun>
<adv>ঝঞ্ঝাবিক্ষুব্ধ</adv>
<verb>টাঙ্গাইতেছিলাম</verb>
<verb>টাঙ্গাইতেছিলেন</verb>
<verb>টাঙ্গাইয়াছিলাম</verb>
<verb>টাঙ্গাইয়াছিলেন</verb>
<verb>ঠেঙ্গাইতেছিলাম</verb>
<verb>ঠেঙ্গাইতেছিলেন</verb>
<verb>ঠেঙ্গাইয়াছিলাম</verb>
<verb>ঠেঙ্গাইয়াছিলেন</verb>
<noun>ঠ্যাঙ্গাঠেঙ্গি</noun>
<verb>ডিঙ্গাইতেছিলাম</verb>
<verb>ডিঙ্গাইতেছিলেন</verb>
<verb>ডিঙ্গাইয়াছিলাম</verb>
<verb>ডিঙ্গাইয়াছিলেন</verb>
<adv>তড়িত্-অপরিবাহী</adv>
<noun>তত্ত্বজিজ্ঞাসা</noun>
<adv>তত্ত্বজিজ্ঞাসু</adv>
<adv>ততস্থলাভিষিক্ত</adv>
<adv>তরঙ্গবিক্ষুব্ধ</adv>
<adv>তিমিরাবগুণ্ঠিত</adv>
<verb>তিষ্ঠাইতেছিলাম</verb>
<verb>তিষ্ঠাইতেছিলেন</verb>
<verb>তিষ্ঠাইয়াছিলাম</verb>
<verb>তিষ্ঠাইয়াছিলেন</verb>
<noun>তুচ্ছতাচ্ছিল্য</noun>
<adv>ত্রয়ঃসপ্ততিতমী</adv>
<adv>ত্রয়স্ত্রিংশত্</adv>
<adv>ত্রয়োবিংশতিতমী</adv>
<adv>ত্রিগুণাত্মিকা</adv>
<adv>ত্রিপঙ্চাশত্তম</adv>
<noun>ত্রুটিবিচ্যুতি</noun>
<verb>থেঁতলাইতেছিলাম</verb>
<verb>থেঁতলাইতেছিলেন</verb>
<verb>থেঁতলাইয়াছিলাম</verb>
<verb>থেঁতলাইয়াছিলেন</verb>
<noun>দাঙ্গাহাঙ্গামা</noun>
<noun>দিগ্বিদিগজ্ঞান</noun>
<noun>দিগদর্শনযন্ত্র</noun>
<noun>দুগ্ধদোহনপাত্র</noun>
<adv>দুরাকাঙ্ক্ষিণী</adv>
<adv>দুর্ভিক্ষপীড়িত</adv>
<adv>দুশ্চিন্তাকারী</adv>
<adv>দোর্দণ্ডপ্রতাপ</adv>
<noun>দৌড়প্রতিযোগিতা</noun>
<adv>দ্বাচত্বারিংশত</adv>
<adv>দ্বাত্রিংশত্তম</adv>
<adv>দ্বিপঙ্চাশত্তম</adv>
<adv>নিত্যনৈমিত্তিক</adv>
<noun>নিমন্ত্রণগ্রহণ</noun>
<noun>নিয়মানুবর্তিতা</noun>
<noun>নিরাপত্তাপরিষদ</noun>
<noun>নির্বাচকমণ্ডলী</noun>
<adv>পক্ষপাতবিশিষ্ট</adv>
<adv>পঙ্চচত্বারিংশত</adv>
<adv>পঙ্চত্বপ্রাপ্ত</adv>
<adv>পঙ্চত্রিংশত্তম</adv>
<adv>পঙ্চপঙ্চাশত্তম</adv>
<noun>পণ্ডিতম্মন্যতা</noun>
<noun>পরমুখাপেক্ষিতা</noun>
<adv>পরান্নভোজনকারী</adv>
<adv>পর্বতারোহণকারী</adv>
<adv>পর্যবেক্ষণকারী</adv>
<noun>পশুচারণক্ষেত্র</noun>
<noun>পার্বত্যপ্রবাহ</noun>
<adv>পার্শ্ববর্তিনী</adv>
<noun>পুরস্কার-বিতরণ</noun>
<noun>পুরস্কারপ্রদান</noun>
<noun>পুরাণপ্রসিদ্ধি</noun>
<adv>পুরুষানুক্রমিক</adv>
<noun>প্রকৃতিপ্রত্যয়</noun>
<adv>প্রকৃতিবিরুদ্ধ</adv>
<adv>প্রজাতান্ত্রিক</adv>
<noun>প্রজ্ঞাপারমিতা</noun>
<adv>প্রতিক্রিয়াশীল</adv>
<noun>প্রতিজ্ঞারক্ষা</noun>
<adv>প্রতিদ্বন্দ্বী</adv>
<adv>প্রতিপত্তিশালী</adv>
<adv>প্রতিবিধানকারী</adv>
<noun>প্রতিমাবিসর্জন</noun>
<adv>প্রতিষ্ঠাপয়িতা</adv>
<adv>প্রতীক্ষ্যমাণা</adv>
<noun>প্রত্যক্ষদর্শন</noun>
<adv>প্রত্যক্ষদর্শী</adv>
<noun>প্রবৃত্তিমার্গ</noun>
<adv>প্রশ্রয়দানকারী</adv>
<adv>প্রশ্রয়প্রাপ্ত</adv>
<noun>প্রাণপ্রতিষ্ঠা</noun>
<adv>প্রাপ্তব্যবহার</adv>
<noun>প্রাসাদকুক্কুট</noun>
<noun>প্রোষিতভর্তৃকা</noun>
<adv>বস্তুতান্ত্রিক</adv>
<adv>বাত্যাবিধ্বস্ত</adv>
<adv>বিক্ষুব্ধচিত্ত</adv>
<adv>বিদ্যানুরাগিণী</adv>
<adv>বিদ্যাব্যবসায়ী</adv>
<noun>বিদ্যুতস্পন্দন</noun>
<adv>বিদ্যুতস্পৃষ্ট</adv>
<noun>বিদ্যুদ্দীপ্তি</noun>
<noun>বিশ্বভ্রাতৃত্ব</noun>
<adv>বিশ্বস্তসূত্রে</adv>
<adv>বিশ্বাসহন্ত্রী</adv>
<noun>বৃদ্ধপ্রপিতামহ</noun>
<noun>বৃদ্ধপ্রমাতামহ</noun>
<noun>বেঙ্গমাবেঙ্গমী</noun>
<adv>ব্যক্তিত্বশালী</adv>
<noun>ব্যবহারশাস্ত্র</noun>
<noun>ব্যান্ডমাস্টার</noun>
<noun>ব্যাপারস্যাপার</noun>
<noun>ব্রাহ্মমুহূর্ত</noun>
<adv>ভবিষ্যতদ্রষ্টা</adv>
<verb>ভাঙ্গাইতেছিলাম</verb>
<verb>ভাঙ্গাইতেছিলেন</verb>
<verb>ভাঙ্গাইয়াছিলাম</verb>
<verb>ভাঙ্গাইয়াছিলেন</verb>
<verb>ভালবাসিতেছিলাম</verb>
<verb>ভালবাসিতেছিলেন</verb>
<verb>ভালবাসিয়াছিলাম</verb>
<verb>ভালবাসিয়াছিলেন</verb>
<verb>ভেঙ্গাইতেছিলাম</verb>
<verb>ভেঙ্গাইতেছিলেন</verb>
<verb>ভেঙ্গাইয়াছিলাম</verb>
<verb>ভেঙ্গাইয়াছিলেন</verb>
<verb>ভেস্তাইতেছিলাম</verb>
<verb>ভেস্তাইতেছিলেন</verb>
<verb>ভেস্তাইয়াছিলাম</verb>
<verb>ভেস্তাইয়াছিলেন</verb>
<noun>ভ্যাবাগঙ্গারাম</noun>
<noun>ভ্রমণবৃত্তান্ত</noun>
<noun>ভ্রাতৃদ্বিতীয়া</noun>
<noun>মঙ্গলাকাঙ্ক্ষা</noun>
<adv>মঙ্গলাকাঙ্ক্ষী</adv>
<adv>মণিমাণিক্যজড়িত</adv>
<noun>মনসামঙ্গলকাব্য</noun>
<noun>মহাভিনিষ্ক্রমণ</noun>
<noun>মুদ্রাকরপ্রমাদ</noun>
<noun>যুক্তিপ্রদর্শন</noun>
<adv>রত্নপ্রসবিত্রী</adv>
<verb>রাঙ্গাইতেছিলাম</verb>
<verb>রাঙ্গাইতেছিলেন</verb>
<verb>রাঙ্গাইয়াছিলাম</verb>
<verb>রাঙ্গাইয়াছিলেন</verb>
<noun>লোষ্ট্রনিক্ষেপ</noun>
<noun>শাস্ত্রানুশীলন</noun>
<noun>শিবত্বপ্রাপ্তি</noun>
<adv>শুচিবাইগ্রস্তা</adv>
<adv>শুচিবায়ুগ্রস্ত</adv>
<adv>শুভাকাঙ্ক্ষিণী</adv>
<adv>শুভানুধ্যায়িনী</adv>
<adv>শুশ্রূষাকারিণী</adv>
<adv>শ্বাপদসমাকীর্ণ</adv>
<adv>শ্রদ্ধাভাজনেষু</adv>
<adv>শ্রদ্ধাস্পদেষু</adv>
<noun>সংখ্যাগরিষ্ঠতা</noun>
<noun>সংখ্যালঘিষ্ঠতা</noun>
<adv>সদ্বিবেচনাকারী</adv>
<noun>সন্তানসম্ভাবনা</noun>
<adv>সপ্তত্রিংশত্তম</adv>
<adv>সপ্তপঙ্চাশত্তম</adv>
<noun>সমীক্ষ্যকারিতা</noun>
<adv>সম্প্রসারণকারী</adv>
<noun>সম্ভূয়সমুত্থান</noun>
<adv>সর্বাঙ্গসুন্দর</adv>
<verb>সাঁতরাইতেছিলাম</verb>
<verb>সাঁতরাইতেছিলেন</verb>
<verb>সাঁতরাইয়াছিলাম</verb>
<verb>সাঁতরাইয়াছিলেন</verb>
<verb>সাঁতলাইতেছিলাম</verb>
<verb>সাঁতলাইতেছিলেন</verb>
<verb>সাঁতলাইয়াছিলাম</verb>
<verb>সাঁতলাইয়াছিলেন</verb>
<noun>সাক্ষাতসম্বন্ধ</noun>
<adv>সাক্ষ্যদানকারী</adv>
<noun>সাবিত্রীমন্ত্র</noun>
<noun>সাম্প্রদায়িকতা</noun>
<noun>সাহিত্যসম্মেলন</noun>
<noun>সাহিত্যানুশীলন</noun>
<noun>সিদ্ধান্তবাগীশ</noun>
<noun>সূচ্যগ্রমেদিনী</noun>
<adv>সূর্যকরোজ্জ্বল</adv>
<noun>সূর্যসিদ্ধান্ত</noun>
<noun>সৃষ্টিস্থিতিলয়</noun>
<noun>স্থিতিস্থাপকতা</noun>
<noun>স্নায়ুদৌর্বল্য</noun>
<noun>স্পর্শেন্দ্রিয়</noun>
<adv>স্পষ্টাস্পষ্টি</adv>
<noun>স্বতোবিরুদ্ধতা</noun>
<noun>স্বর্গপ্রাপ্তি</noun>
<noun>স্বার্থপরায়ণতা</noun>
<noun>স্বার্থান্বেষণ</noun>
<adv>স্বার্থান্বেষী</adv>
<adv>স্বার্থোন্মত্ত</adv>
<noun>স্বাস্থ্যরক্ষা</noun>
<adv>স্বেচ্ছাচারিণী</adv>
<noun>স্বেচ্ছাচারিতা</noun>
<noun>স্বেচ্ছামৃত্যু</noun>
<noun>স্বেচ্ছাসেবিকা</noun>
<noun>স্মৃতিবার্ষিকী</noun>
<adv>হবিষ্যান্নভোজী</adv>
<verb>হাঁটকাইতেছিলাম</verb>
<verb>হাঁটকাইতেছিলেন</verb>
<verb>হাঁটকাইয়াছিলাম</verb>
<verb>হাঁটকাইয়াছিলেন</verb>
<verb>হিঁচড়াইতেছিলাম</verb>
<verb>হিঁচড়াইতেছিলেন</verb>
<verb>হিঁচড়াইয়াছিলাম</verb>
<verb>হিঁচড়াইয়াছিলেন</verb>
<noun>হেডমাস্টারমশাই</noun>
</items>
</data>