<data>
<items>
<noun>অঙ্গাঙ্গিসম্বন্ধ</noun>
<noun>অশ্বিনীকুমারদ্বয়</noun>
<noun>অ্যাডভারটিজমেন্ট</noun>
<adv>উচ্ছিষ্টভোজনকারী</adv>
<noun>কণ্ঠ্যৌষ্ঠ্যবর্ণ</noun>
<noun>কাণ্ডাকাণ্ডজ্ঞান</noun>
<noun>কার্যকারণসম্বন্ধ</noun>
<adv>কিংকর্তব্যবিমূঢ়</adv>
<adv>কুষ্ঠরোগাক্রান্ত</adv>
<adv>কুসংস্কারাচ্ছন্ন</adv>
<adv>কৌতূহলোদ্রেককারী</adv>
<noun>কৌমারভৃত্যতন্ত্র</noun>
<noun>খ্রীষ্টপূর্বাব্দ</noun>
<noun>খ্রীস্টপূর্বাব্দ</noun>
<adv>গললগ্নীকৃতবস্ত্র</adv>
<adv>গ্রীষ্মসম্বন্ধীয়</adv>
<adv>চতুস্ত্রিংশত্তমী</adv>
<adv>চান্দ্রমাসব্যাপী</adv>
<adv>তত্ত্বানুসন্ধায়ী</adv>
<noun>তুল্যপ্রতিযোগিতা</noun>
<adv>ত্রয়ঃপঙ্চাশত্তমী</adv>
<adv>ত্রয়স্ত্রিংশত্তম</adv>
<adv>দুশ্চিন্তাগ্রস্ত</adv>
<adv>দূরদৃষ্টিসম্পন্ন</adv>
<noun>নাতিশীতোষ্ণমণ্ডল</noun>
<noun>নিঃশ্বাসপ্রশ্বাস</noun>
<noun>নিমন্ত্রণস্বীকার</noun>
<noun>পরচ্ছিদ্রান্বেষণ</noun>
<adv>পরচ্ছিদ্রান্বেষী</adv>
<noun>পররাষ্ট্রমন্ত্রী</noun>
<noun>পরিকল্পনাধিকারিক</noun>
<noun>পুলিস-ইনস্পেক্টর</noun>
<noun>প্রতিদ্বন্দ্বিতা</noun>
<adv>প্রতিদ্বন্দ্বিনী</adv>
<noun>প্রতিরক্ষাবাহিনী</noun>
<adv>প্রতিষ্ঠাপয়িত্রী</adv>
<adv>প্রশিক্ষণপ্রাপ্ত</adv>
<noun>বিদ্যুতস্ফুলিঙ্গ</noun>
<adv>বৌদ্ধধর্মাবলম্বী</adv>
<adv>ব্যক্তিকেন্দ্রিক</adv>
<noun>মকরক্রান্তিবৃত্ত</noun>
<adv>যেন-তেন-প্রকারেণ</adv>
<noun>শান্তিস্বস্ত্যয়ন</noun>
<adv>শীতাতপনিয়ন্ত্রিত</adv>
<adv>ষটচত্বারিংশত্তমী</adv>
<adv>সপ্তচত্ত্বারিংশত</adv>
<adv>সপ্তচত্ত্বারিংশী</adv>
<noun>সম্ভ্রান্ততন্ত্র</noun>
<noun>স্বাস্থ্যপরীক্ষা</noun>
<adv>স্বেচ্ছাপ্রণোদিত</adv>
<noun>হর্তাকর্তাবিধাতা</noun>
</items>
</data>