<data>
<items>
<adv>জাতিধর্মনির্বিশেষে</adv>
<adv>জাতিবর্ণনির্বিশেষে</adv>
<adv>তত্ত্বজ্ঞানসম্পন্ন</adv>
<adv>ত্রিচত্বারিংশত্তমী</adv>
<noun>দক্ষিণায়নান্তবৃত্ত</noun>
<adv>দিব্যদৃষ্টিসম্পন্ন</adv>
<adv>দ্বাচত্বারিংশত্তমী</adv>
<adv>পঙ্চচত্বারিংশত্তমী</adv>
<noun>প্রত্যুতপন্নমতিত্ব</noun>
<noun>ব্যাঙ্গমাব্যাঙ্গমী</noun>
<adv>ব্রাহ্মধর্মাবলম্বী</adv>
<adv>সপ্তচত্বারিংশত্তমী</adv>
</items>
</data>
