<data>
<items>
<adv>ত্বগিন্দ্রিয়গ্রাহ্য</adv>
<adv>ত্রয়শ্চত্বারিংশত্তম</adv>
<adv>দায়িত্বজ্ঞানসম্পন্ন</adv>
<adv>দিগ্বিদিগজ্ঞানশূন্য</adv>
<noun>ব্যক্তিস্বাতন্ত্র্য</noun>
<noun>ভিত্তিপ্রস্তরস্থাপন</noun>
<noun>শঙ্খচক্রগদাপদ্মধারী</noun>
</items>
</data>
