<data>
<items>
<adj>অ</adj>
<adv>অজ</adv>
<pron>অত</pron>
<noun>অপ</noun>
<adj>আঃ</adj>
<noun>আখ</noun>
<adv>আগ</adv>
<verb>আছ</verb>
<adj>আজ</adj>
<adv>আট</adv>
<adv>আড়</adv>
<adv>আধ</adv>
<verb>আন</verb>
<verb>আন</verb>
<pron>আপ</pron>
<noun>আব</noun>
<adv>আম</adv>
<verb>আয়</verb>
<conj>আর</conj>
<noun>আল</noun>
<noun>আশ</noun>
<verb>আস</verb>
<adj>ইঃ</adj>
<noun>ইট</noun>
<noun>ইদ</noun>
<adj>ইশ</adj>
<adj>ইস</adj>
<adj>ইহ</adj>
<noun>ঈদ</noun>
<noun>ঈশ</noun>
<noun>ঈষ</noun>
<adj>উঃ</adj>
<noun>উই</noun>
<noun>উট</noun>
<verb>উঠ</verb>
<verb>উড়</verb>
<noun>উদ</noun>
<adv>উন</adv>
<verb>উব</verb>
<pron>উভ</pron>
<noun>উর</noun>
<noun>উল</noun>
<adv>ঊন</adv>
<noun>ঋক</noun>
<noun>ঋণ</noun>
<adv>ঋত</adv>
<adj>এ</adj>
<adj>এঃ</adj>
<adj>এই</adj>
<adv>এক</adv>
<noun>এণ</noun>
<adv>এত</adv>
<pron>এর</pron>
<verb>এল</verb>
<verb>এস</verb>
<adj>ঐ</adj>
<adv>ঐশ</adv>
<adj>ও</adj>
<adj>ওঁ</adj>
<adj>ওঃ</adj>
<pron>ওই</pron>
<verb>ওঠ</verb>
<verb>ওঠ</verb>
<verb>ওড়</verb>
<verb>ওড়</verb>
<noun>ওত</noun>
<verb>ওব</verb>
<verb>ওব</verb>
<adj>ওম</adj>
<pron>ওর</pron>
<noun>ওল</noun>
<verb>ক</verb>
<verb>কন</verb>
<verb>কস</verb>
<verb>কই</verb>
<verb>কও</verb>
<verb>কক</verb>
<noun>কচ</noun>
<adj>কচ</adj>
<adj>কট</adj>
<noun>কড়</noun>
<pron>কত</pron>
<verb>কন</verb>
<adj>কপ</adj>
<noun>কফ</noun>
<verb>কব</verb>
<verb>কম</verb>
<verb>কম</verb>
<verb>কয়</verb>
<verb>কর</verb>
<verb>কর</verb>
<adv>কল</adv>
<verb>কশ</verb>
<verb>কশ</verb>
<verb>কষ</verb>
<verb>কস</verb>
<verb>কহ</verb>
<adj>কি</adj>
<adj>কী</adj>
<adj>কু</adj>
<pron>কে</pron>
<adj>কৈ</adj>
<noun>খ</noun>
<noun>খই</noun>
<adj>খক</adj>
<noun>খগ</noun>
<adj>খচ</adj>
<adj>খট</adj>
<noun>খড়</noun>
<noun>খত</noun>
<noun>খত</noun>
<adj>খপ</adj>
<adv>খর</adv>
<adv>খল</adv>
<verb>খস</verb>
<verb>খস</verb>
<verb>খা</verb>
<noun>খৈ</noun>
<adv>গজ</adv>
<verb>গড়</verb>
<verb>গড়</verb>
<noun>গণ</noun>
<adv>গত</adv>
<noun>গত</noun>
<noun>গদ</noun>
<noun>গম</noun>
<noun>গয়</noun>
<verb>গল</verb>
<verb>গা</verb>
<noun>গু</noun>
<noun>গূ</noun>
<verb>গে</verb>
<adj>গো</adj>
<verb>ঘট</verb>
<verb>ঘট</verb>
<adv>ঘন</adv>
<noun>ঘর</noun>
<verb>ঘষ</verb>
<verb>ঘষ</verb>
<noun>ঘা</noun>
<noun>ঘি</noun>
<noun>চক</noun>
<verb>চট</verb>
<verb>চট</verb>
<noun>চড়</noun>
<noun>চপ</noun>
<noun>চয়</noun>
<verb>চর</verb>
<verb>চর</verb>
<verb>চল</verb>
<verb>চল</verb>
<verb>চষ</verb>
<verb>চষ</verb>
<verb>চা</verb>
<verb>চো</verb>
<adv>ছ</adv>
<noun>ছই</noun>
<noun>ছক</noun>
<verb>ছড়</verb>
<verb>ছড়</verb>
<noun>ছদ</noun>
<noun>ছন</noun>
<adv>ছয়</adv>
<adv>ছল</adv>
<verb>ছা</verb>
<adj>ছি</adj>
<noun>ছৈ</noun>
<adv>জ</adv>
<noun>জং</noun>
<noun>জক</noun>
<noun>জগ</noun>
<noun>জঙ</noun>
<noun>জজ</noun>
<noun>জট</noun>
<adv>জড়</adv>
<adv>জন</adv>
<verb>জপ</verb>
<verb>জপ</verb>
<verb>জম</verb>
<verb>জম</verb>
<noun>জয়</noun>
<adv>জল</adv>
<noun>জা</noun>
<adj>জি</adj>
<adj>জী</adj>
<pron>জো</pron>
<adj>ঝট</adj>
<noun>ঝড়</noun>
<adj>ঝন</adj>
<adj>ঝপ</adj>
<verb>ঝর</verb>
<verb>ঝর</verb>
<noun>ঝি</noun>
<adj>টং</adj>
<verb>টক</verb>
<verb>টক</verb>
<noun>টঙ</noun>
<noun>টন</noun>
<adj>টন</adj>
<adj>টপ</adj>
<noun>টব</noun>
<verb>টল</verb>
<verb>টল</verb>
<adj>টস</adj>
<adj>ঠং</adj>
<verb>ঠক</verb>
<noun>ডক</noun>
<noun>ডগ</noun>
<noun>ডন</noun>
<noun>ডর</noun>
<verb>ডল</verb>
<verb>ডল</verb>
<adj>ঢং</adj>
<adj>ঢক</adj>
<noun>ঢঙ</noun>
<adj>ঢন</adj>
<noun>ঢপ</noun>
<verb>ঢল</verb>
<noun>ঢু</noun>
<adj>ত</adj>
<adv>ত</adv>
<adj>তক</adj>
<noun>তট</noun>
<adj>তত</adj>
<pron>তত</pron>
<noun>তপ</noun>
<pron>তব</pron>
<noun>তম</noun>
<adv>তর</adv>
<noun>তল</noun>
<adj>তা</adj>
<adj>তু</adj>
<adv>তে</adv>
<adj>তো</adj>
<adv>থ</adv>
<noun>থই</noun>
<verb>থক</verb>
<verb>থক</verb>
<adj>থপ</adj>
<adj>থপ</adj>
<noun>থর</noun>
<adj>থু</adj>
<noun>থৈ</noun>
<verb>থো</verb>
<verb>দ</verb>
<noun>দই</noun>
<adv>দড়</adv>
<adj>দপ</adj>
<adj>দপ</adj>
<verb>দম</verb>
<verb>দম</verb>
<adj>দর</adj>
<verb>দল</verb>
<verb>দল</verb>
<adv>দশ</adv>
<verb>দহ</verb>
<noun>দা</noun>
<verb>দি</verb>
<adv>দু</adv>
<verb>দে</verb>
<noun>দৈ</noun>
<verb>দো</verb>
<adj>ধক</adj>
<noun>ধড়</noun>
<noun>ধন</noun>
<adj>ধপ</adj>
<verb>ধর</verb>
<verb>ধর</verb>
<verb>ধস</verb>
<verb>ধস</verb>
<verb>ধা</verb>
<noun>ধী</noun>
<verb>ধো</verb>
<adv>ন</adv>
<adv>ন</adv>
<verb>নস</verb>
<noun>নং</noun>
<verb>নই</verb>
<verb>নও</verb>
<noun>নখ</noun>
<noun>নগ</noun>
<adj>নঞ</adj>
<noun>নট</noun>
<verb>নড়</verb>
<verb>নড়</verb>
<adv>নত</adv>
<noun>নথ</noun>
<noun>নদ</noun>
<verb>নন</verb>
<adv>নব</adv>
<noun>নভ</noun>
<noun>নম</noun>
<verb>নয়</verb>
<noun>নর</noun>
<noun>নল</noun>
<verb>নস</verb>
<verb>নহ</verb>
<verb>না</verb>
<verb>নি</verb>
<noun>নৃ</noun>
<verb>নে</verb>
<verb>নো</verb>
<noun>নৌ</noun>
<verb>পচ</verb>
<verb>পচ</verb>
<verb>পট</verb>
<verb>পট</verb>
<verb>পড়</verb>
<verb>পড়</verb>
<noun>পণ</noun>
<noun>পথ</noun>
<noun>পদ</noun>
<noun>পয়</noun>
<verb>পর</verb>
<noun>পল</noun>
<verb>পা</verb>
<noun>পো</noun>
<adj>ফট</adj>
<noun>ফণ</noun>
<verb>ফল</verb>
<verb>ফল</verb>
<adj>ফস</adj>
<adv>ফি</adv>
<adv>ফী</adv>
<verb>বস</verb>
<noun>বঃ</noun>
<noun>বই</noun>
<noun>বউ</noun>
<verb>বও</verb>
<verb>বক</verb>
<verb>বক</verb>
<verb>বখ</verb>
<verb>বখ</verb>
<noun>বট</noun>
<adj>বড়</adj>
<adv>বদ</adv>
<noun>বধ</noun>
<verb>বন</verb>
<verb>বন</verb>
<adj>বম</adj>
<verb>বয়</verb>
<adv>বর</adv>
<verb>বল</verb>
<verb>বল</verb>
<adv>বশ</adv>
<verb>বস</verb>
<verb>বস</verb>
<verb>বহ</verb>
<verb>বা</verb>
<adj>বৈ</adj>
<noun>বৌ</noun>
<noun>ভ</noun>
<adj>ভক</adj>
<adj>ভক</adj>
<noun>ভগ</noun>
<verb>ভজ</verb>
<verb>ভজ</verb>
<noun>ভট</noun>
<noun>ভড়</noun>
<adv>ভব</adv>
<noun>ভয়</noun>
<verb>ভর</verb>
<verb>ভর</verb>
<noun>ভূ</noun>
<adj>ভো</adj>
<noun>মই</noun>
<noun>মউ</noun>
<noun>মগ</noun>
<adj>মচ</adj>
<adj>মচ</adj>
<verb>মজ</verb>
<verb>মজ</verb>
<adj>মট</adj>
<noun>মঠ</noun>
<noun>মণ</noun>
<verb>মত</verb>
<pron>মত</pron>
<noun>মদ</noun>
<noun>মন</noun>
<noun>ময়</noun>
<verb>মর</verb>
<verb>মর</verb>
<verb>মল</verb>
<verb>মল</verb>
<adj>মা</adj>
<noun>মে</noun>
<noun>মৈ</noun>
<noun>মৌ</noun>
<pron>য</pron>
<noun>যক</noun>
<pron>যত</pron>
<adv>যত</adv>
<noun>যব</noun>
<noun>যম</noun>
<noun>যশ</noun>
<verb>যা</verb>
<adj>যে</adj>
<pron>যো</pron>
<verb>র</verb>
<verb>রক</verb>
<verb>রন</verb>
<verb>রস</verb>
<noun>রং</noun>
<verb>রই</verb>
<verb>রও</verb>
<verb>রক</verb>
<noun>রগ</noun>
<noun>রঙ</noun>
<noun>রজ</noun>
<verb>রট</verb>
<verb>রট</verb>
<noun>রড</noun>
<noun>রণ</noun>
<noun>রত</noun>
<noun>রথ</noun>
<adv>রদ</adv>
<verb>রন</verb>
<verb>রব</verb>
<verb>রয়</verb>
<verb>রস</verb>
<verb>রস</verb>
<verb>রহ</verb>
<noun>রা</noun>
<adj>রে</adj>
<verb>ল</verb>
<verb>লই</verb>
<verb>লও</verb>
<verb>লড়</verb>
<verb>লড়</verb>
<verb>লন</verb>
<noun>লব</noun>
<verb>লয়</verb>
<adj>লা</adj>
<noun>লু</noun>
<adj>লো</adj>
<adv>শ</adv>
<noun>শক</noun>
<noun>শখ</noun>
<adv>শঠ</adv>
<noun>শণ</noun>
<adv>শত</adv>
<noun>শব</noun>
<noun>শম</noun>
<noun>শর</noun>
<noun>শশ</noun>
<noun>শা</noun>
<verb>শো</verb>
<adv>ষট</adv>
<noun>ষড়</noun>
<verb>স</verb>
<verb>সক</verb>
<verb>সন</verb>
<verb>সস</verb>
<noun>সং</noun>
<verb>সই</verb>
<verb>সও</verb>
<verb>সক</verb>
<noun>সঙ</noun>
<adj>সট</adj>
<adj>সট</adj>
<noun>সড়</noun>
<adv>সত</adv>
<verb>সন</verb>
<verb>সব</verb>
<adv>সম</adv>
<verb>সয়</verb>
<verb>সর</verb>
<verb>সর</verb>
<verb>সস</verb>
<verb>সহ</verb>
<noun>সা</noun>
<adj>সু</adj>
<pron>সে</pron>
<noun>সৈ</noun>
<verb>হ</verb>
<verb>হক</verb>
<verb>হত</verb>
<verb>হন</verb>
<verb>হল</verb>
<verb>হস</verb>
<verb>হই</verb>
<verb>হও</verb>
<noun>হজ</noun>
<verb>হট</verb>
<verb>হট</verb>
<noun>হঠ</noun>
<verb>হত</verb>
<verb>হন</verb>
<verb>হব</verb>
<verb>হয়</verb>
<verb>হর</verb>
<verb>হর</verb>
<verb>হল</verb>
<noun>হল</noun>
<verb>হস</verb>
<noun>হস</noun>
<adj>হা</adj>
<adj>হে</adj>
</items>
</data>