﻿<data>
<items>
<pron>অত</pron>
<pron>অনেক</pron>
<pron>অন্য</pron>
<pron>অপর</pron>
<pron>অল্প</pron>
<pron>আপ</pron>
<pron>আপনকার</pron>
<pron>আপনাকে</pron>
<pron>আপনাতে</pron>
<pron>আপনাদিকে</pron>
<pron>আপনাদিগকে</pron>
<pron>আপনাদিগের</pron>
<pron>আপনাদের</pron>
<pron>আপনার</pron>
<pron>আপনারকার</pron>
<pron>আপনারা</pron>
<pron>আপনি</pron>
<pron>আমরা</pron>
<pron>আমা</pron>
<pron>আমাকে</pron>
<pron>আমাতে</pron>
<pron>আমাদিকে</pron>
<pron>আমাদিগকে</pron>
<pron>আমাদিগের</pron>
<pron>আমাদের</pron>
<pron>আমায়</pron>
<pron>আমার</pron>
<pron>আমি</pron>
<pron>আরেক</pron>
<pron>ইঁহাকে</pron>
<pron>ইঁহাতে</pron>
<pron>ইঁহাদিগকে</pron>
<pron>ইঁহাদিগের</pron>
<pron>ইঁহাদের</pron>
<pron>ইঁহার</pron>
<pron>ইঁহারা</pron>
<pron>ইনি</pron>
<pron>ইহা</pron>
<pron>ইহাকে</pron>
<pron>ইহাতে</pron>
<pron>ইহাদিগকে</pron>
<pron>ইহাদিগের</pron>
<pron>ইহাদের</pron>
<pron>ইহার</pron>
<pron>ইহারা</pron>
<pron>উঁহাকে</pron>
<pron>উঁহাতে</pron>
<pron>উঁহাদিগকে</pron>
<pron>উঁহাদিগের</pron>
<pron>উঁহাদের</pron>
<pron>উঁহার</pron>
<pron>উঁহারা</pron>
<pron>উনি</pron>
<pron>উভ</pron>
<pron>উভয়</pron>
<pron>উহা</pron>
<pron>উহাকে</pron>
<pron>উহাতে</pron>
<pron>উহাদিগকে</pron>
<pron>উহাদিগের</pron>
<pron>উহাদের</pron>
<pron>উহার</pron>
<pron>উহারা</pron>
<pron>এ-ও-তা</pron>
<pron>এ-ও-সে</pron>
<pron>এঁতে</pron>
<pron>এঁদিকে</pron>
<pron>এঁদের</pron>
<pron>এঁর</pron>
<pron>এঁরা</pron>
<pron>এইটা</pron>
<pron>এইটাই</pron>
<pron>এইটি</pron>
<pron>এইটিই</pron>
<pron>এইটে</pron>
<pron>এইটেই</pron>
<pron>এইসব</pron>
<pron>একে</pron>
<pron>এগুলি</pron>
<pron>এগুলিকে</pron>
<pron>এগুলিতে</pron>
<pron>এগুলির</pron>
<pron>এগুলো</pron>
<pron>এগুলোকে</pron>
<pron>এগুলোতে</pron>
<pron>এগুলোর</pron>
<pron>এটা</pron>
<pron>এটাকে</pron>
<pron>এটাতে</pron>
<pron>এটার</pron>
<pron>এটি</pron>
<pron>এটিকে</pron>
<pron>এটিতে</pron>
<pron>এটির</pron>
<pron>এতত</pron>
<pron>এতে</pron>
<pron>এদিকে</pron>
<pron>এদের</pron>
<pron>এমন</pron>
<pron>এমনটা</pron>
<pron>এমনি</pron>
<pron>এর</pron>
<pron>এরা</pron>
<pron>এরূপ</pron>
<pron>এরে</pron>
<pron>এসব</pron>
<pron>ঐরূপ</pron>
<pron>ঐসব</pron>
<pron>ওঁকে</pron>
<pron>ওঁতে</pron>
<pron>ওঁদিকে</pron>
<pron>ওঁদের</pron>
<pron>ওঁর</pron>
<pron>ওঁরা</pron>
<pron>ওই</pron>
<pron>ওইসব</pron>
<pron>ওকে</pron>
<pron>ওগুলি</pron>
<pron>ওগুলিকে</pron>
<pron>ওগুলিতে</pron>
<pron>ওগুলির</pron>
<pron>ওগুলো</pron>
<pron>ওগুলোকে</pron>
<pron>ওগুলোতে</pron>
<pron>ওগুলোর</pron>
<pron>ওটা</pron>
<pron>ওটাকে</pron>
<pron>ওটাতে</pron>
<pron>ওটার</pron>
<pron>ওটি</pron>
<pron>ওটিকে</pron>
<pron>ওটিতে</pron>
<pron>ওটির</pron>
<pron>ওতে</pron>
<pron>ওদিকে</pron>
<pron>ওদের</pron>
<pron>ওনাকে</pron>
<pron>ওনাদের</pron>
<pron>ওনার</pron>
<pron>ওর</pron>
<pron>ওরা</pron>
<pron>ওসব</pron>
<pron>ওহে</pron>
<pron>কত</pron>
<pron>কতক</pron>
<pron>কাঁকে</pron>
<pron>কাঁতে</pron>
<pron>কাঁদিকে</pron>
<pron>কাঁদের</pron>
<pron>কাঁর</pron>
<pron>কাঁরা</pron>
<pron>কাঁহাকে</pron>
<pron>কাঁহাতে</pron>
<pron>কাঁহাদিগকে</pron>
<pron>কাঁহাদিগের</pron>
<pron>কাঁহাদের</pron>
<pron>কাঁহার</pron>
<pron>কাঁহারা</pron>
<pron>কাউকে</pron>
<pron>কাউকেই</pron>
<pron>কাকে</pron>
<pron>কাতে</pron>
<pron>কাদিকে</pron>
<pron>কাদের</pron>
<pron>কার</pron>
<pron>কারো</pron>
<pron>কারোকে</pron>
<pron>কারোতে</pron>
<pron>কারোর</pron>
<pron>কাহাকে</pron>
<pron>কাহাতে</pron>
<pron>কাহাদিগকে</pron>
<pron>কাহাদিগের</pron>
<pron>কাহাদের</pron>
<pron>কাহার</pron>
<pron>কাহারা</pron>
<pron>কিচ্ছু</pron>
<pron>কিছু</pron>
<pron>কিছু-কিছু</pron>
<pron>কিছুকিছু</pron>
<pron>কিছুতে</pron>
<pron>কিসে</pron>
<pron>কিসের</pron>
<pron>কে</pron>
<pron>কে-কে</pron>
<pron>কেই</pron>
<pron>কেইবা</pron>
<pron>কেউ</pron>
<pron>কেউকেউ</pron>
<pron>কেবা</pron>
<pron>কেহ</pron>
<pron>কেহ-কেহ</pron>
<pron>কোন</pron>
<pron>কোন-কোন</pron>
<pron>কোনও</pron>
<pron>কোনো</pron>
<pron>কোনো-কোনো</pron>
<pron>জো</pron>
<pron>তত</pron>
<pron>তব</pron>
<pron>তাঁকে</pron>
<pron>তাঁতে</pron>
<pron>তাঁদিকে</pron>
<pron>তাঁদের</pron>
<pron>তাঁর</pron>
<pron>তাঁরা</pron>
<pron>তাঁহাতে</pron>
<pron>তাঁহাদিগকে</pron>
<pron>তাঁহাদিগের</pron>
<pron>তাঁহাদের</pron>
<pron>তাঁহার</pron>
<pron>তাঁহারা</pron>
<pron>তাকে</pron>
<pron>তাদিকে</pron>
<pron>তাদের</pron>
<pron>তার</pron>
<pron>তারা</pron>
<pron>তারে</pron>
<pron>তাহা</pron>
<pron>তাহাও</pron>
<pron>তাহাকে</pron>
<pron>তাহাদিগকে</pron>
<pron>তাহাদিগের</pron>
<pron>তাহাদের</pron>
<pron>তাহার</pron>
<pron>তাহারা</pron>
<pron>তাহারে</pron>
<pron>তিনি</pron>
<pron>তুই</pron>
<pron>তুমি</pron>
<pron>তেমনটা</pron>
<pron>তোকে</pron>
<pron>তোতে</pron>
<pron>তোদিকে</pron>
<pron>তোদের</pron>
<pron>তোমরা</pron>
<pron>তোমা</pron>
<pron>তোমাকে</pron>
<pron>তোমাতে</pron>
<pron>তোমাদিকে</pron>
<pron>তোমাদিগকে</pron>
<pron>তোমাদিগের</pron>
<pron>তোমাদের</pron>
<pron>তোমায়</pron>
<pron>তোমার</pron>
<pron>তোর</pron>
<pron>তোরা</pron>
<pron>দুটা</pron>
<pron>দুটি</pron>
<pron>দুটো</pron>
<pron>দ্বয়</pron>
<pron>নিজ</pron>
<pron>নিজে</pron>
<pron>নিজেকে</pron>
<pron>নিজেদের</pron>
<pron>নিজের</pron>
<pron>নিজেরা</pron>
<pron>পরস্পর</pron>
<pron>মত</pron>
<pron>মোদের</pron>
<pron>মোর</pron>
<pron>মোরা</pron>
<pron>মোরে</pron>
<pron>য</pron>
<pron>যত</pron>
<pron>যতই</pron>
<pron>যতকিছু</pron>
<pron>যতখানি</pron>
<pron>যতগুলি</pron>
<pron>যতগুলো</pron>
<pron>যতটা</pron>
<pron>যথা</pron>
<pron>যা-তা</pron>
<pron>যাঁকে</pron>
<pron>যাঁতে</pron>
<pron>যাঁদিকে</pron>
<pron>যাঁদের</pron>
<pron>যাঁর</pron>
<pron>যাঁরা</pron>
<pron>যাঁহাকে</pron>
<pron>যাঁহাতে</pron>
<pron>যাঁহাদিগকে</pron>
<pron>যাঁহাদিগের</pron>
<pron>যাঁহাদের</pron>
<pron>যাঁহার</pron>
<pron>যাঁহারা</pron>
<pron>যাকে</pron>
<pron>যাতে</pron>
<pron>যাদিকে</pron>
<pron>যাদের</pron>
<pron>যার</pron>
<pron>যারা</pron>
<pron>যাহা</pron>
<pron>যাহা-তাহা</pron>
<pron>যাহাকে</pron>
<pron>যাহাতে</pron>
<pron>যাহাদিগকে</pron>
<pron>যাহাদিগের</pron>
<pron>যাহাদের</pron>
<pron>যাহার</pron>
<pron>যাহারা</pron>
<pron>যিনি</pron>
<pron>যে-যে</pron>
<pron>যে-সে</pron>
<pron>যেগুলি</pron>
<pron>যেগুলিকে</pron>
<pron>যেগুলিতে</pron>
<pron>যেগুলির</pron>
<pron>যেগুলো</pron>
<pron>যেগুলোকে</pron>
<pron>যেগুলোতে</pron>
<pron>যেগুলোর</pron>
<pron>যেটা</pron>
<pron>যেটাকে</pron>
<pron>যেটাতে</pron>
<pron>যেটার</pron>
<pron>যেটি</pron>
<pron>যেটিকে</pron>
<pron>যেটিতে</pron>
<pron>যেটির</pron>
<pron>যেমনটা</pron>
<pron>যো</pron>
<pron>সবটা</pron>
<pron>সবটাকে</pron>
<pron>সবাই</pron>
<pron>সবের</pron>
<pron>সব্বাই</pron>
<pron>সে</pron>
<pron>সেইসব</pron>
<pron>সেগুলি</pron>
<pron>সেগুলিকে</pron>
<pron>সেগুলিতে</pron>
<pron>সেগুলির</pron>
<pron>সেগুলো</pron>
<pron>সেগুলোকে</pron>
<pron>সেগুলোতে</pron>
<pron>সেগুলোর</pron>
<pron>সেটা</pron>
<pron>সেটাকে</pron>
<pron>সেটাতে</pron>
<pron>সেটার</pron>
<pron>সেটি</pron>
<pron>সেটিকে</pron>
<pron>সেটিতে</pron>
<pron>সেটির</pron>
<pron>সেসব</pron>
<pron>স্ব</pron>
<pron>হাম</pron>
<pron>হামার</pron>
</items>
</data>